Afghanistan,AF,AFG,004,Asia,Southern Asia,33 00 N,65 00 E
Albania,AL,ALB,008,Europe,Southern Europe,41 00 N,20 00 E
Algeria,DZ,DZA,012,Africa,Northern Africa,28 00 N,3 00 E
American Samoa,AS,ASM,016,Oceania,Polynesia,14 20 S,170 00 W
Andorra,AD,AND,020,Europe,Southern Europe,42 30 N,1 30 E
Angola,AO,AGO,024,Africa,Middle Africa,12 30 S,18 30 E
Anguilla,AI,AIA,660,Americas,Caribbean,18 15 N,63 10 W
Antarctica,AQ,ATA,010,,,90 00 S,0 00 E
Antigua and Barbuda,AG,ATG,028,Americas,Caribbean,17 03 N,61 48 W
Argentina,AR,ARG,032,Americas,South America,34 00 S,64 00 W
Armenia,AM,ARM,051,Asia,Western Asia,40 00 N,45 00 E
Aruba,AW,ABW,533,Americas,Caribbean,12 30 N,69 58 W
Australia,AU,AUS,036,Oceania,Australia and New Zealand,27 00 S,133 00 E
Austria,AT,AUT,040,Europe,Western Europe,47 20 N,13 20 E
Azerbaijan,AZ,AZE,031,Asia,Western Asia,40 30 N,47 30 E
Bahamas,BS,BHS,044,Americas,Caribbean,24 15 N,76 00 W
Bahrain,BH,BHR,048,Asia,Western Asia,26 00 N,50 33 E
Bangladesh,BD,BGD,050,Asia,Southern Asia,24 00 N,90 00 E
Barbados,BB,BRB,052,Americas,Caribbean,13 10 N,59 32 W
Belarus,BY,BLR,112,Europe,Eastern Europe,53 00 N,28 00 E
Belgium,BE,BEL,056,Europe,Western Europe,50 50 N,4 00 E
Belize,BZ,BLZ,084,Americas,Central America,17 15 N,88 45 W
Benin,BJ,BEN,204,Africa,Western Africa,9 30 N,2 15 E
Bermuda,BM,BMU,060,Americas,Northern America,32 20 N,64 45 W
Bhutan,BT,BTN,064,Asia,Southern Asia,27 30 N,90 30 E
Bolivia,BO,BOL,068,Americas,South America,17 00 S,65 00 W
Bosnia and Herzegovina,BA,BIH,070,Europe,Southern Europe,44 00 N,18 00 E
Botswana,BW,BWA,072,Africa,Southern Africa,22 00 S,24 00 E
Bouvet Island,BV,BVT,074,,,54 26 S,3 24 E
Brazil,BR,BRA,076,Americas,South America,10 00 S,55 00 W
British Indian Ocean Territory,IO,IOT,086,Africa,Eastern Africa,6 00 S,71 30 E
Brunei Darussalam,BN,BRN,096,Asia,South-Eastern Asia,4 30 N,114 40 E
Bulgaria,BG,BGR,100,Europe,Eastern Europe,43 00 N,25 00 E
Burkina Faso,BF,BFA,854,Africa,Western Africa,13 00 N,2 00 W
Burundi,BI,BDI,108,Africa,Eastern Africa,3 30 S,30 00 E
Cambodia,KH,KHM,116,Asia,South-Eastern Asia,13 00 N,105 00 E
Cameroon,CM,CMR,120,Africa,Middle Africa,6 00 N,12 00 E
Canada,CA,CAN,124,Americas,Northern America,60 00 N,95 00 W
Cape Verde,CV,CPV,132,Africa,Western Africa,16 00 N,24 00 W
Cayman Islands,KY,CYM,136,Americas,Caribbean,19 30 N,80 30 W
Central African Republic,CF,CAF,140,Africa,Middle Africa,7 00 N,21 00 E
Chad,TD,TCD,148,Africa,Middle Africa,15 00 N,19 00 E
Chile,CL,CHL,152,Americas,South America,30 00 S,71 00 W
China,CN,CHN,156,Asia,Eastern Asia,35 00 N,105 00 E
Christmas Island,CX,CXR,162,Oceania,Australia and New Zealand,10 30 S,105 40 E
Cocos (Keeling) Islands,CC,CCK,166,Oceania,Australia and New Zealand,12 30 S,96 50 E
Colombia,CO,COL,170,Americas,South America,4 00 N,72 00 W
Comoros,KM,COM,174,Africa,Eastern Africa,12 10 S,44 15 E
Congo,CG,COG,178,Africa,Middle Africa,1 00 S,15 00 E
"Congo, The Democratic Republic Of The",CD,COD,180,Africa,Middle Africa,0 00 N,25 00 E
Cook Islands,CK,COK,184,Oceania,Polynesia,21 14 S,159 46 W
Costa Rica,CR,CRI,188,Americas,Central America,10 00 N,84 00 W
Croatia,HR,HRV,191,Europe,Southern Europe,45 10 N,15 30 E
Cuba,CU,CUB,192,Americas,Caribbean,21 30 N,80 00 W
Cyprus,CY,CYP,196,Asia,Western Asia,35 00 N,33 00 E
Czech Republic,CZ,CZE,203,Europe,Eastern Europe,49 45 N,15 30 E
Côte D'Ivoire,CI,CIV,384,Africa,Western Africa,8 00 N,5 00 W
Denmark,DK,DNK,208,Europe,Northern Europe,56 00 N,10 00 E
Djibouti,DJ,DJI,262,Africa,Eastern Africa,11 30 N,43 00 E
Dominica,DM,DMA,212,Americas,Caribbean,15 25 N,61 20 W
Dominican Republic,DO,DOM,214,Americas,Caribbean,19 00 N,70 40 W
Ecuador,EC,ECU,218,Americas,South America,2 00 S,77 30 W
Egypt,EG,EGY,818,Africa,Northern Africa,27 00 N,30 00 E
El Salvador,SV,SLV,222,Americas,Central America,13 50 N,88 55 W
Equatorial Guinea,GQ,GNQ,226,Africa,Middle Africa,2 00 N,10 00 E
Eritrea,ER,ERI,232,Africa,Eastern Africa,15 00 N,39 00 E
Estonia,EE,EST,233,Europe,Northern Europe,59 00 N,26 00 E
Ethiopia,ET,ETH,231,Africa,Eastern Africa,8 00 N,38 00 E
Falkland Islands  (Malvinas),FK,FLK,238,Americas,South America,51 45 S,59 00 W
Faroe Islands,FO,FRO,234,Europe,Northern Europe,62 00 N,7 00 W
Fiji,FJ,FJI,242,Oceania,Melanesia,18 00 S,175 00 E
Finland,FI,FIN,246,Europe,Northern Europe,64 00 N,26 00 E
France,FR,FRA,250,Europe,Western Europe,46 00 N,2 00 E 
French Guiana,GF,GUF,254,Americas,South America,4 00 N,53 00 W 
French Polynesia,PF,PYF,258,Oceania,Polynesia,15 00 S,140 00 W
French Southern Territories,TF,ATF,260,,,,
Gabon,GA,GAB,266,Africa,Middle Africa,1 00 S,11 45 E
Gambia,GM,GMB,270,Africa,Western Africa,13 28 N,16 34 W
Georgia,GE,GEO,268,Asia,Western Asia,42 00 N,43 30 E
Germany,DE,DEU,276,Europe,Western Europe,51 00 N,9 00 E
Ghana,GH,GHA,288,Africa,Western Africa,8 00 N,2 00 W
Gibraltar,GI,GIB,292,Europe,Southern Europe,36 08 N,5 21 W
Greece,GR,GRC,300,Europe,Southern Europe,39 00 N,22 00 E
Greenland,GL,GRL,304,Americas,Northern America,72 00 N,40 00 W
Grenada,GD,GRD,308,Americas,Caribbean,12 07 N,61 40 W
Guadeloupe,GP,GLP,312,Americas,Caribbean,,
Guam,GU,GUM,316,Oceania,Micronesia,13 28 N,144 47 E
Guatemala,GT,GTM,320,Americas,Central America,15 30 N,90 15 W
Guernsey,GG,GGY,831,Europe,Northern Europe,49 28 N,2 35 W
Guinea,GN,GIN,324,Africa,Western Africa,11 00 N,10 00 W
Guinea-Bissau,GW,GNB,624,Africa,Western Africa,12 00 N,15 00 W
Guyana,GY,GUY,328,Americas,South America,5 00 N,59 00 W
Haiti,HT,HTI,332,Americas,Caribbean,19 00 N,72 25 W
Heard and McDonald Islands,HM,HMD,334,,,53 06 S,72 31 E
Holy See (Vatican City State),VA,VAT,336,Europe,Southern Europe,41 54 N,12 27 E
Honduras,HN,HND,340,Americas,Central America,15 00 N,86 30 W
Hong Kong,HK,HKG,344,Asia,Eastern Asia,22 15 N,114 10 E
Hungary,HU,HUN,348,Europe,Eastern Europe,47 00 N,20 00 E
Iceland,IS,ISL,352,Europe,Northern Europe,65 00 N,18 00 W
India,IN,IND,356,Asia,Southern Asia,20 00 N,77 00 E
Indonesia,ID,IDN,360,Asia,South-Eastern Asia,5 00 S,120 00 E
"Iran, Islamic Republic Of",IR,IRN,364,Asia,Southern Asia,32 00 N,53 00 E
Iraq,IQ,IRQ,368,Asia,Western Asia,33 00 N,44 00 E
Ireland,IE,IRL,372,Europe,Northern Europe,53 00 N,8 00 W
Isle of Man,IM,IMN,833,Europe,Northern Europe,54 15 N,4 30 W
Israel,IL,ISR,376,Asia,Western Asia,31 30 N,34 45 E
Italy,IT,ITA,380,Europe,Southern Europe,42 50 N,12 50 E
Jamaica,JM,JAM,388,Americas,Caribbean,18 15 N,77 30 W
Japan,JP,JPN,392,Asia,Eastern Asia,36 00 N,138 00 E
Jersey,JE,JEY,832,Europe,Northern Europe,49 15 N,2 10 W
Jordan,JO,JOR,400,Asia,Western Asia,31 00 N,36 00 E
Kazakhstan,KZ,KAZ,398,Asia,Central Asia,48 00 N,68 00 E
Kenya,KE,KEN,404,Africa,Eastern Africa,1 00 N,38 00 E
Kiribati,KI,KIR,296,Oceania,Micronesia,1 25 N,173 00 E
"Korea, Democratic People's Republic Of",KP,PRK,408,Asia,Eastern Asia,40 00 N,127 00 E
"Korea, Republic of",KR,KOR,410,Asia,Eastern Asia,37 00 N,127 30 E
Kuwait,KW,KWT,414,Asia,Western Asia,29 30 N,45 45 E
Kyrgyzstan,KG,KGZ,417,Asia,Central Asia,41 00 N,75 00 E
Lao People's Democratic Republic,LA,LAO,418,Asia,South-Eastern Asia,18 00 N,105 00 E
Latvia,LV,LVA,428,Europe,Northern Europe,57 00 N,25 00 E
Lebanon,LB,LBN,422,Asia,Western Asia,33 50 N,35 50 E
Lesotho,LS,LSO,426,Africa,Southern Africa,29 30 S,28 30 E
Liberia,LR,LBR,430,Africa,Western Africa,6 30 N,9 30 W
Libyan Arab Jamahiriya,LY,LBY,434,Africa,Northern Africa,25 00 N,17 00 E
Liechtenstein,LI,LIE,438,Europe,Western Europe,47 16 N,9 32 E
Lithuania,LT,LTU,440,Europe,Northern Europe,56 00 N,24 00 E
Luxembourg,LU,LUX,442,Europe,Western Europe,49 45 N,6 10 E
Macao,MO,MAC,446,Asia,Eastern Asia,22 10 N,113 33 E
"Macedonia, the Former Yugoslav Republic Of",MK,MKD,807,Europe,Southern Europe,41 50 N,22 00 E
Madagascar,MG,MDG,450,Africa,Eastern Africa,20 00 S,47 00 E
Malawi,MW,MWI,454,Africa,Eastern Africa,13 30 S,34 00 E
Malaysia,MY,MYS,458,Asia,South-Eastern Asia,2 30 N,112 30 E
Maldives,MV,MDV,462,Asia,Southern Asia,3 15 N,73 00 E
Mali,ML,MLI,466,Africa,Western Africa,17 00 N,4 00 W
Malta,MT,MLT,470,Europe,Southern Europe,35 50 N,14 35 E
Marshall Islands,MH,MHL,584,Oceania,Micronesia,9 00 N,168 00 E
Martinique,MQ,MTQ,474,Americas,Caribbean,,
Mauritania,MR,MRT,478,Africa,Western Africa,20 00 N,12 00 W
Mauritius,MU,MUS,480,Africa,Eastern Africa,20 17 S,57 33 E
Mayotte,YT,MYT,175,Africa,Eastern Africa,12 50 S,45 10 E
Mexico,MX,MEX,484,Americas,Central America,23 00 N,102 00 W
"Micronesia, Federated States Of",FM,FSM,583,Oceania,Micronesia,6 55 N,158 15 E
"Moldova, Republic of",MD,MDA,498,Europe,Eastern Europe,47 00 N,29 00 E
Monaco,MC,MCO,492,Europe,Western Europe,43 44 N,7 24 E
Mongolia,MN,MNG,496,Asia,Eastern Asia,46 00 N,105 00 E
Montenegro,ME,MNE,499,Europe,Southern Europe,42 30 N,19 18 E
Montserrat,MS,MSR,500,Americas,Caribbean,16 45 N,62 12 W
Morocco,MA,MAR,504,Africa,Northern Africa,32 00 N,5 00 W
Mozambique,MZ,MOZ,508,Africa,Eastern Africa,18 15 S,35 00 E
Myanmar,MM,MMR,104,Asia,South-Eastern Asia,22 00 N,98 00 E
Namibia,NA,NAM,516,Africa,Southern Africa,22 00 S,17 00 E
Nauru,NR,NRU,520,Oceania,Micronesia,0 32 S,166 55 E
Nepal,NP,NPL,524,Asia,Southern Asia,28 00 N,84 00 E
Netherlands,NL,NLD,528,Europe,Western Europe,52 30 N,5 45 E
Netherlands Antilles,AN,ANT,530,Americas,Caribbean,,
New Caledonia,NC,NCL,540,Oceania,Melanesia,21 30 S,165 30 E
New Zealand,NZ,NZL,554,Oceania,Australia and New Zealand,41 00 S,174 00 E
Nicaragua,NI,NIC,558,Americas,Central America,13 00 N,85 00 W
Niger,NE,NER,562,Africa,Western Africa,16 00 N,8 00 E
Nigeria,NG,NGA,566,Africa,Western Africa,10 00 N,8 00 E
Niue,NU,NIU,570,Oceania,Polynesia,19 02 S,169 52 W
Norfolk Island,NF,NFK,574,Oceania,Australia and New Zealand,29 02 S,167 57 E
Northern Mariana Islands,MP,MNP,580,Oceania,Micronesia,15 12 N,145 45 E
Norway,NO,NOR,578,Europe,Northern Europe,62 00 N,10 00 E
Oman,OM,OMN,512,Asia,Western Asia,21 00 N,57 00 E
Pakistan,PK,PAK,586,Asia,Southern Asia,30 00 N,70 00 E
Palau,PW,PLW,585,Oceania,Micronesia,7 30 N,134 30 E
"Palestinian Territory, Occupied",PS,PSE,275,Asia,Western Asia,,
Panama,PA,PAN,591,Americas,Central America,9 00 N,80 00 W
Papua New Guinea,PG,PNG,598,Oceania,Melanesia,6 00 S,147 00 E
Paraguay,PY,PRY,600,Americas,South America,23 00 S,58 00 W
Peru,PE,PER,604,Americas,South America,10 00 S,76 00 W
Philippines,PH,PHL,608,Asia,South-Eastern Asia,13 00 N,122 00 E
Pitcairn,PN,PCN,612,Oceania,Polynesia,25 04 S,130 06 W
Poland,PL,POL,616,Europe,Eastern Europe,52 00 N,20 00 E
Portugal,PT,PRT,620,Europe,Southern Europe,39 30 N,8 00 W
Puerto Rico,PR,PRI,630,Americas,Caribbean,18 15 N,66 30 W
Qatar,QA,QAT,634,Asia,Western Asia,25 30 N,51 15 E
Romania,RO,ROU,642,Europe,Eastern Europe,46 00 N,25 00 E
Russian Federation,RU,RUS,643,Europe,Eastern Europe,60 00 N,100 00 E
Rwanda,RW,RWA,646,Africa,Eastern Africa,2 00 S,30 00 E
Réunion,RE,REU,638,Africa,Eastern Africa,,
Saint Barthélemy,BL,BLM,652,Americas,Caribbean,17 90 N,62 85 W
Saint Helena,SH,SHN,654,Africa,Western Africa,Saint Helena: 15 57 ,Saint Helena: 5 42 W
Saint Kitts And Nevis,KN,KNA,659,Americas,Caribbean,17 20 N,62 45 W
Saint Lucia,LC,LCA,662,Americas,Caribbean,13 53 N,60 58 W
Saint Martin,MF,MAF,663,Americas,Caribbean,18 05 N,63 57 W
Saint Pierre And Miquelon,PM,SPM,666,Americas,Northern America,46 50 N,56 20 W
Saint Vincent And The Grenedines,VC,VCT,670,Americas,Caribbean,13 15 N,61 12 W
Samoa,WS,WSM,882,Oceania,Polynesia,13 35 S,172 20 W
San Marino,SM,SMR,674,Europe,Southern Europe,43 46 N,12 25 E
Sao Tome and Principe,ST,STP,678,Africa,Middle Africa,1 00 N,7 00 E
Saudi Arabia,SA,SAU,682,Asia,Western Asia,25 00 N,45 00 E
Senegal,SN,SEN,686,Africa,Western Africa,14 00 N,14 00 W
Serbia,RS,SRB,688,Europe,Southern Europe,44 00 N,21 00 E
Seychelles,SC,SYC,690,Africa,Eastern Africa,4 35 S,55 40 E
Sierra Leone,SL,SLE,694,Africa,Western Africa,8 30 N,11 30 W
Singapore,SG,SGP,702,Asia,South-Eastern Asia,1 22 N,103 48 E
Slovakia,SK,SVK,703,Europe,Eastern Europe,48 40 N,19 30 E
Slovenia,SI,SVN,705,Europe,Southern Europe,46 07 N,14 49 E
Solomon Islands,SB,SLB,090,Oceania,Melanesia,8 00 S,159 00 E
Somalia,SO,SOM,706,Africa,Eastern Africa,10 00 N,49 00 E
South Africa,ZA,ZAF,710,Africa,Southern Africa,29 00 S,24 00 E
South Georgia and the South Sandwich Islands,GS,SGS,239,Americas,South America,54 30 S,37 00 W
Spain,ES,ESP,724,Europe,Southern Europe,40 00 N,4 00 W
Sri Lanka,LK,LKA,144,Asia,Southern Asia,7 00 N,81 00 E
Sudan,SD,SDN,736,Africa,Northern Africa,15 00 N,30 00 E
Suriname,SR,SUR,740,Americas,South America,4 00 N,56 00 W
Svalbard And Jan Mayen,SJ,SJM,744,Europe,Northern Europe,78 00 N,20 00 E
Swaziland,SZ,SWZ,748,Africa,Southern Africa,26 30 S,31 30 E
Sweden,SE,SWE,752,Europe,Northern Europe,62 00 N,15 00 E
Switzerland,CH,CHE,756,Europe,Western Europe,47 00 N,8 00 E
Syrian Arab Republic,SY,SYR,760,Asia,Western Asia,35 00 N,38 00 E
"Taiwan, Province Of China",TW,TWN,158,Asia,Eastern Asia,23 30 N,121 00 E
Tajikistan,TJ,TJK,762,Asia,Central Asia,39 00 N,71 00 E
"Tanzania, United Republic of",TZ,TZA,834,Africa,Eastern Africa,6 00 S,35 00 E
Thailand,TH,THA,764,Asia,South-Eastern Asia,15 00 N,100 00 E
Timor-Leste,TL,TLS,626,Asia,South-Eastern Asia,8 50 S,125 55 E
Togo,TG,TGO,768,Africa,Western Africa,8 00 N,1 10 E
Tokelau,TK,TKL,772,Oceania,Polynesia,9 00 S,172 00 W
Tonga,TO,TON,776,Oceania,Polynesia,20 00 S,175 00 W
Trinidad and Tobago,TT,TTO,780,Americas,Caribbean,11 00 N,61 00 W
Tunisia,TN,TUN,788,Africa,Northern Africa,34 00 N,9 00 E
Turkey,TR,TUR,792,Asia,Western Asia,39 00 N,35 00 E
Turkmenistan,TM,TKM,795,Asia,Central Asia,40 00 N,60 00 E
Turks and Caicos Islands,TC,TCA,796,Americas,Caribbean,21 45 N,71 35 W
Tuvalu,TV,TUV,798,Oceania,Polynesia,8 00 S,178 00 E
Uganda,UG,UGA,800,Africa,Eastern Africa,1 00 N,32 00 E
Ukraine,UA,UKR,804,Europe,Eastern Europe,49 00 N,32 00 E
United Arab Emirates,AE,ARE,784,Asia,Western Asia,24 00 N,54 00 E
United Kingdom,GB,GBR,826,Europe,Northern Europe,54 00 N,2 00 W
United States,US,USA,840,Americas,Northern America,38 00 N,97 00 W
United States Minor Outlying Islands,UM,UMI,581,Americas,Northern America,,
Uruguay,UY,URY,858,Americas,South America,33 00 S,56 00 W
Uzbekistan,UZ,UZB,860,Asia,Central Asia,41 00 N,64 00 E
Vanuatu,VU,VUT,548,Oceania,Melanesia,16 00 S,167 00 E
"Venezuela, Bolivarian Republic of",VE,VEN,862,Americas,South America,8 00 N,66 00 W
Viet Nam,VN,VNM,704,Asia,South-Eastern Asia,16 10 N,107 50 E
"Virgin Islands, British",VG,VGB,092,Americas,Caribbean,,
"Virgin Islands, U.S.",VI,VIR,850,Americas,Caribbean,,
Wallis and Futuna,WF,WLF,876,Oceania,Polynesia,13 18 S,176 12 W
Western Sahara,EH,ESH,732,Africa,Northern Africa,24 30 N,13 00 W
Yemen,YE,YEM,887,Asia,Western Asia,15 00 N,48 00 E
Zambia,ZM,ZMB,894,Africa,Eastern Africa,15 00 S,30 00 E
Zimbabwe,ZW,ZWE,716,Africa,Eastern Africa,20 00 S,30 00 E
Åland Islands,AX,ALA,248,Europe,Northern Europe,,
